{
  "mean_reward": 32.56599999999992,
  "std_reward": 15.210162523786483,
  "median_reward": 31.499999999999886,
  "success_rate": 0.6196,
  "collision_rate": 0.3804,
  "spectral_efficiency": 0.6196,
  "jain_fairness": 0.9962531529941757,
  "mean_inference_ms": 1.2757755360983765,
  "std_inference_ms": 0.7439068451385158,
  "p99_inference_ms": 6.85041154000146,
  "episode_rewards": [
    60.59999999999986,
    52.599999999999866,
    30.79999999999992,
    51.79999999999988,
    54.39999999999982,
    36.59999999999988,
    29.29999999999998,
    22.799999999999923,
    28.599999999999905,
    19.700000000000003,
    42.79999999999986,
    -3.200000000000004,
    22.599999999999937,
    45.09999999999984,
    47.89999999999984,
    8.600000000000012,
    30.599999999999874,
    19.29999999999998,
    45.59999999999992,
    51.2999999999999,
    43.99999999999985,
    36.49999999999996,
    35.09999999999989,
    47.6999999999999,
    16.800000000000033,
    19.49999999999995,
    24.8,
    6.40000000000002,
    19.599999999999806,
    29.099999999999902,
    -0.9999999999999886,
    35.29999999999995,
    40.29999999999992,
    30.899999999999892,
    26.99999999999997,
    33.999999999999815,
    21.499999999999925,
    59.99999999999986,
    46.49999999999992,
    20.499999999999932,
    26.69999999999993,
    43.999999999999886,
    61.39999999999989,
    32.09999999999988,
    49.49999999999983,
    16.49999999999995,
    19.300000000000015,
    18.99999999999994,
    34.499999999999936,
    32.99999999999988
  ]
}