{"step": [1000, 2000, 3000, 4000, 5000], "mean_reward": [33.899999999999885, 32.95999999999989, 29.77333333333325, 33.76999999999991, 35.299999999999905], "critic1_loss": [0.8094547390937805, 0.17200805246829987, 0.08205359429121017, 0.07359518855810165, 0.11468537896871567], "critic2_loss": [0.8332803249359131, 0.21615007519721985, 0.07972751557826996, 0.10465722531080246, 0.161025270819664], "actor_loss": [-8.596412658691406, -15.026643753051758, -19.425968170166016, -22.85565185546875, -25.71994972229004], "alpha_loss": [-0.1720936894416809, -0.4037955403327942, -0.45025601983070374, -0.4184628427028656, -0.2038634866476059], "alpha": [0.8595829010009766, 0.6476344466209412, 0.503505289554596, 0.4068804979324341, 0.3443374037742615], "entropy": [2.2909321784973145, 2.0813517570495605, 1.8077123165130615, 1.616744875907898, 1.342531442642212], "eval_step": [2500, 5000], "eval_reward": [37.80999999999989, 33.66999999999991]}