{
  "mean_reward": 35.55799999999991,
  "std_reward": 12.681783628496396,
  "median_reward": 35.5499999999999,
  "success_rate": 0.628,
  "collision_rate": 0.372,
  "spectral_efficiency": 0.628,
  "jain_fairness": 0.9974254050308285,
  "mean_inference_ms": 1.5885551318987838,
  "std_inference_ms": 0.18898994933735913,
  "p99_inference_ms": 2.6839578498584165,
  "episode_rewards": [
    58.09999999999988,
    32.299999999999855,
    57.99999999999991,
    50.599999999999866,
    24.700000000000003,
    18.699999999999935,
    41.699999999999875,
    57.19999999999985,
    40.59999999999989,
    36.59999999999988,
    36.79999999999989,
    30.700000000000003,
    38.19999999999986,
    41.09999999999988,
    46.09999999999986,
    36.89999999999992,
    43.49999999999989,
    23.999999999999936,
    35.3999999999999,
    27.699999999999886,
    32.19999999999993,
    29.59999999999988,
    38.39999999999992,
    43.799999999999905,
    42.49999999999993,
    38.39999999999995,
    26.29999999999994,
    28.599999999999877,
    34.99999999999991,
    68.79999999999987,
    33.89999999999987,
    44.49999999999988,
    35.69999999999989,
    10.400000000000018,
    34.499999999999936,
    30.499999999999947,
    24.699999999999925,
    48.9999999999999,
    22.499999999999943,
    39.199999999999854,
    41.49999999999983,
    61.49999999999984,
    39.299999999999905,
    26.599999999999923,
    0.20000000000001372,
    29.699999999999903,
    27.099999999999955,
    20.29999999999993,
    18.299999999999997,
    25.999999999999947
  ]
}