{"step": [1000, 2000, 3000, 4000, 5000], "mean_reward": [35.39999999999988, 32.609999999999886, 29.18666666666657, 29.584999999999916, 31.519999999999907], "critic1_loss": [0.6666706204414368, 0.3925420939922333, 0.42739829421043396, 0.6662165522575378, 0.5707446336746216], "critic2_loss": [0.6564514636993408, 0.42995485663414, 0.6356543898582458, 0.7002742886543274, 0.7434222102165222], "actor_loss": [-8.014471054077148, -13.758172988891602, -17.704483032226562, -20.243423461914062, -22.09984016418457], "alpha_loss": [-0.1721912920475006, -0.4539170265197754, -0.6638480424880981, -0.8000667691230774, -0.8496214151382446], "alpha": [0.8595120310783386, 0.6419724822044373, 0.48573535680770874, 0.37104082107543945, 0.2866387665271759], "entropy": [2.290947914123535, 2.1761081218719482, 2.0709848403930664, 1.9584800004959106, 1.8313828706741333], "eval_step": [2500, 5000], "eval_reward": [34.86999999999991, 30.369999999999912]}