{
  "mean_reward": 51.72,
  "std_reward": 18.969491295235095,
  "median_reward": 54.0,
  "success_rate": 0.6293,
  "collision_rate": 0.3707,
  "spectral_efficiency": 0.6293,
  "jain_fairness": 0.9943530165027262,
  "mean_inference_ms": 0.8025377923007454,
  "std_inference_ms": 0.676695430230595,
  "p99_inference_ms": 2.0220894900012483,
  "episode_rewards": [
    48.0,
    44.0,
    24.0,
    60.0,
    56.0,
    68.0,
    52.0,
    60.0,
    62.0,
    62.0,
    62.0,
    22.0,
    38.0,
    68.0,
    56.0,
    62.0,
    58.0,
    74.0,
    58.0,
    44.0,
    82.0,
    38.0,
    54.0,
    52.0,
    78.0,
    34.0,
    34.0,
    54.0,
    38.0,
    58.0,
    80.0,
    46.0,
    14.0,
    42.0,
    66.0,
    50.0,
    62.0,
    12.0,
    50.0,
    38.0,
    16.0,
    26.0,
    98.0,
    62.0,
    38.0,
    48.0,
    58.0,
    60.0,
    24.0,
    96.0
  ]
}