{"step": [1000, 2000, 3000, 4000, 5000], "mean_reward": [45.73999999999986, 36.06999999999987, 34.01333333333322, 30.724999999999902, 28.239999999999906], "critic1_loss": [0.9356143474578857, 0.9297598004341125, 0.9402053952217102, 0.9132515788078308, 0.9043251276016235], "critic2_loss": [0.9352970123291016, 0.9292881488800049, 0.9402286410331726, 0.9133009910583496, 0.9043023586273193], "actor_loss": [-8.168645858764648, -15.460490226745605, -20.673831939697266, -24.193357467651367, -26.647369384765625], "alpha_loss": [-0.17149899899959564, -0.516944408416748, -0.8566108345985413, -1.1990529298782349, -1.5377017259597778], "alpha": [0.8602017164230347, 0.636806309223175, 0.4718928635120392, 0.34971973299980164, 0.2593853771686554], "entropy": [2.2924251556396484, 2.2975380420684814, 2.2923693656921387, 2.292896270751953, 2.2910568714141846], "eval_step": [2500, 5000], "eval_reward": [49.2, 47.4]}