{
  "mean_reward": 38.10599999999991,
  "std_reward": 15.148642315402379,
  "median_reward": 37.69999999999989,
  "success_rate": 0.6324,
  "collision_rate": 0.3676,
  "spectral_efficiency": 0.6324,
  "jain_fairness": 0.9964514119704787,
  "mean_inference_ms": 1.3483157580991019,
  "std_inference_ms": 1.1118657736661288,
  "p99_inference_ms": 6.963304889973189,
  "episode_rewards": [
    27.399999999999892,
    46.09999999999996,
    45.699999999999875,
    26.999999999999908,
    54.499999999999886,
    45.49999999999991,
    35.699999999999875,
    32.89999999999988,
    46.69999999999984,
    30.09999999999996,
    43.39999999999989,
    22.899999999999913,
    43.09999999999991,
    46.79999999999989,
    37.79999999999984,
    18.29999999999992,
    56.999999999999844,
    34.799999999999976,
    16.500000000000014,
    37.59999999999993,
    5.500000000000027,
    25.099999999999998,
    67.19999999999986,
    22.800000000000015,
    33.19999999999984,
    47.499999999999844,
    34.59999999999981,
    17.599999999999877,
    40.39999999999989,
    76.80000000000001,
    64.19999999999986,
    24.299999999999915,
    43.39999999999994,
    26.499999999999925,
    39.69999999999996,
    19.699999999999832,
    18.999999999999982,
    34.79999999999993,
    51.19999999999984,
    14.40000000000004,
    29.49999999999995,
    42.999999999999865,
    64.2999999999999,
    43.29999999999988,
    30.099999999999884,
    39.09999999999988,
    44.59999999999989,
    45.299999999999855,
    35.49999999999987,
    72.89999999999999
  ]
}