{"step": [1000, 2000, 3000, 4000, 5000], "mean_reward": [38.69999999999989, 38.22999999999987, 35.41333333333321, 34.309999999999874, 33.64499999999988], "critic1_loss": [0.7018715143203735, 0.1993074268102646, 0.19791336357593536, 0.1862204223871231, 0.10928326100111008], "critic2_loss": [0.8603839874267578, 0.220212921500206, 0.14884823560714722, 0.12968957424163818, 0.09823721647262573], "actor_loss": [-8.45168685913086, -14.91864013671875, -19.543991088867188, -22.949594497680664, -26.09418487548828], "alpha_loss": [-0.16597773134708405, -0.3849756419658661, -0.4663243889808655, -0.4120499789714813, -0.24431203305721283], "alpha": [0.8600754141807556, 0.6498584151268005, 0.5072765946388245, 0.40755096077919006, 0.34240055084228516], "entropy": [2.254582405090332, 2.0450520515441895, 1.8386150598526, 1.610460638999939, 1.3792738914489746], "eval_step": [2500, 5000], "eval_reward": [36.28999999999992, 39.16999999999989]}