{
  "sac_lfm": {
    "mean_reward": {
      "mean": 35.84599999999991,
      "std": 2.373913786696276,
      "values": [
        32.56599999999992,
        38.10599999999991,
        36.865999999999914
      ]
    },
    "std_reward": {
      "mean": 15.205353431187332,
      "std": 0.04447133172423449,
      "values": [
        15.210162523786483,
        15.148642315402379,
        15.25725545437313
      ]
    },
    "success_rate": {
      "mean": 0.6273333333333334,
      "std": 0.005555377774933213,
      "values": [
        0.6196,
        0.6324,
        0.63
      ]
    },
    "collision_rate": {
      "mean": 0.37266666666666665,
      "std": 0.005555377774933257,
      "values": [
        0.3804,
        0.3676,
        0.37
      ]
    },
    "spectral_efficiency": {
      "mean": 0.6273333333333334,
      "std": 0.005555377774933213,
      "values": [
        0.6196,
        0.6324,
        0.63
      ]
    },
    "jain_fairness": {
      "mean": 0.9963606862441957,
      "std": 8.180678481153474e-05,
      "values": [
        0.9962531529941757,
        0.9964514119704787,
        0.9963774937679325
      ]
    },
    "mean_inference_ms": {
      "mean": 1.2802009420004954,
      "std": 0.05389976301964584,
      "values": [
        1.2757755360983765,
        1.3483157580991019,
        1.2165115318040078
      ]
    },
    "p99_inference_ms": {
      "mean": 6.862257426715435,
      "std": 0.0781192168435798,
      "values": [
        6.85041154000146,
        6.963304889973189,
        6.773055850171659
      ]
    }
  },
  "sac_lstm": {
    "mean_reward": {
      "mean": 50.026666666666664,
      "std": 1.8830707781587916,
      "values": [
        47.4,
        50.96,
        51.72
      ]
    },
    "std_reward": {
      "mean": 17.778108614896485,
      "std": 1.520587850233156,
      "values": [
        15.632018423735305,
        18.732816125719058,
        18.969491295235095
      ]
    },
    "success_rate": {
      "mean": 0.6250666666666667,
      "std": 0.004707676945396939,
      "values": [
        0.6185,
        0.6274,
        0.6293
      ]
    },
    "collision_rate": {
      "mean": 0.37493333333333334,
      "std": 0.004707676945396992,
      "values": [
        0.3815,
        0.3726,
        0.3707
      ]
    },
    "spectral_efficiency": {
      "mean": 0.6250666666666667,
      "std": 0.004707676945396939,
      "values": [
        0.6185,
        0.6274,
        0.6293
      ]
    },
    "jain_fairness": {
      "mean": 0.994945191724402,
      "std": 0.0007637113018411915,
      "values": [
        0.9960235061622951,
        0.9944590525081846,
        0.9943530165027262
      ]
    },
    "mean_inference_ms": {
      "mean": 0.8276066852999521,
      "std": 0.020026088886663282,
      "values": [
        0.8515529373968548,
        0.8287293262022558,
        0.8025377923007454
      ]
    },
    "p99_inference_ms": {
      "mean": 2.2159032900254103,
      "std": 0.2607063835019472,
      "values": [
        2.0411874999172768,
        2.584432880157706,
        2.0220894900012483
      ]
    }
  },
  "ppo_lstm": {
    "mean_reward": {
      "mean": 49.508,
      "std": 1.3341184355221267,
      "values": [
        50.272000000000006,
        47.63199999999999,
        50.61999999999999
      ]
    },
    "std_reward": {
      "mean": 17.507531065255417,
      "std": 0.6181855162084909,
      "values": [
        16.83351466568999,
        18.32672845872934,
        17.362350071346913
      ]
    },
    "success_rate": {
      "mean": 0.6262333333333333,
      "std": 0.00548351063543135,
      "values": [
        0.6257,
        0.6198,
        0.6332
      ]
    },
    "collision_rate": {
      "mean": 0.37376666666666664,
      "std": 0.005483510635431352,
      "values": [
        0.3743,
        0.3802,
        0.3668
      ]
    },
    "spectral_efficiency": {
      "mean": 0.6262333333333333,
      "std": 0.00548351063543135,
      "values": [
        0.6257,
        0.6198,
        0.6332
      ]
    },
    "jain_fairness": {
      "mean": 0.9951771737122456,
      "std": 0.0004414755857427994,
      "values": [
        0.9954992556014235,
        0.9945529389834711,
        0.9954793265518421
      ]
    },
    "mean_inference_ms": {
      "mean": 4.113992339201134,
      "std": 0.05648376026120072,
      "values": [
        4.120540044900781,
        4.179663888100959,
        4.0417730846016635
      ]
    },
    "p99_inference_ms": {
      "mean": 6.173394500078757,
      "std": 0.09422256428710614,
      "values": [
        6.1488690399937695,
        6.299084359975495,
        6.072230100267007
      ]
    }
  },
  "sac_ltc": {
    "mean_reward": {
      "mean": 38.33133333333324,
      "std": 2.177786848053671,
      "values": [
        38.5579999999999,
        40.8779999999999,
        35.55799999999991
      ]
    },
    "std_reward": {
      "mean": 15.524998471499309,
      "std": 2.29110274611955,
      "values": [
        15.600937023140595,
        18.292274762860938,
        12.681783628496396
      ]
    },
    "success_rate": {
      "mean": 0.6337,
      "std": 0.004429446918070031,
      "values": [
        0.6343,
        0.6388,
        0.628
      ]
    },
    "collision_rate": {
      "mean": 0.3663,
      "std": 0.00442944691807001,
      "values": [
        0.3657,
        0.3612,
        0.372
      ]
    },
    "spectral_efficiency": {
      "mean": 0.6337,
      "std": 0.004429446918070031,
      "values": [
        0.6343,
        0.6388,
        0.628
      ]
    },
    "jain_fairness": {
      "mean": 0.9961777983850356,
      "std": 0.0010498557836688073,
      "values": [
        0.9962510632028428,
        0.9948569269214353,
        0.9974254050308285
      ]
    },
    "mean_inference_ms": {
      "mean": 1.5829023388657333,
      "std": 0.026075306232433895,
      "values": [
        1.5485177921995728,
        1.6116340924988435,
        1.5885551318987838
      ]
    },
    "p99_inference_ms": {
      "mean": 2.5140603166005353,
      "std": 0.13478141276574782,
      "values": [
        2.3542772998894184,
        2.5039458000537715,
        2.6839578498584165
      ]
    }
  }
}