{
  "mean_reward": 50.272000000000006,
  "std_reward": 16.83351466568999,
  "median_reward": 51.0,
  "success_rate": 0.6257,
  "collision_rate": 0.3743,
  "spectral_efficiency": 0.6257,
  "jain_fairness": 0.9954992556014235,
  "mean_inference_ms": 4.120540044900781,
  "std_inference_ms": 0.8324358345440566,
  "p99_inference_ms": 6.1488690399937695,
  "episode_rewards": [
    52.0,
    68.0,
    68.0,
    60.0,
    28.0,
    16.0,
    61.9,
    36.0,
    46.0,
    30.0,
    70.0,
    32.0,
    34.0,
    92.0,
    56.0,
    60.0,
    42.0,
    50.0,
    38.0,
    56.0,
    40.0,
    86.0,
    70.0,
    30.0,
    41.9,
    50.0,
    52.0,
    28.0,
    56.0,
    40.0,
    12.0,
    27.799999999999997,
    48.0,
    68.0,
    56.0,
    68.0,
    44.0,
    48.0,
    44.0,
    64.0,
    58.0,
    26.0,
    72.0,
    52.0,
    54.0,
    36.0,
    64.0,
    50.0,
    60.0,
    72.0
  ]
}