{
  "mean_reward": 50.96,
  "std_reward": 18.732816125719058,
  "median_reward": 50.0,
  "success_rate": 0.6274,
  "collision_rate": 0.3726,
  "spectral_efficiency": 0.6274,
  "jain_fairness": 0.9944590525081846,
  "mean_inference_ms": 0.8287293262022558,
  "std_inference_ms": 0.6883495333382023,
  "p99_inference_ms": 2.584432880157706,
  "episode_rewards": [
    22.0,
    64.0,
    50.0,
    40.0,
    40.0,
    58.0,
    26.0,
    26.0,
    56.0,
    54.0,
    84.0,
    62.0,
    72.0,
    54.0,
    26.0,
    42.0,
    94.0,
    48.0,
    58.0,
    62.0,
    46.0,
    20.0,
    76.0,
    44.0,
    36.0,
    50.0,
    82.0,
    40.0,
    68.0,
    30.0,
    76.0,
    62.0,
    50.0,
    32.0,
    30.0,
    44.0,
    20.0,
    58.0,
    38.0,
    46.0,
    50.0,
    58.0,
    96.0,
    40.0,
    56.0,
    24.0,
    82.0,
    58.0,
    56.0,
    42.0
  ]
}