{"step": [1000, 2000, 3000, 4000, 5000], "mean_reward": [33.71999999999987, 34.939999999999884, 30.919999999999902, 29.954999999999917, 27.729999999999926], "critic1_loss": [0.9717077016830444, 0.9278197288513184, 0.9347407221794128, 0.9702188372612, 0.9008970260620117], "critic2_loss": [0.9760050177574158, 0.9287604093551636, 0.9348717927932739, 0.9701794385910034, 0.9009025692939758], "actor_loss": [-8.106386184692383, -15.42733383178711, -20.54733657836914, -24.096965789794922, -26.4571475982666], "alpha_loss": [-0.17211569845676422, -0.5154968500137329, -0.8620796203613281, -1.2013986110687256, -1.540467381477356], "alpha": [0.8602461814880371, 0.6372025609016418, 0.4719882309436798, 0.3497689366340637, 0.25935542583465576], "entropy": [2.296923875808716, 2.2959060668945312, 2.2999656200408936, 2.2952828407287598, 2.2930092811584473], "eval_step": [2500, 5000], "eval_reward": [49.8, 55.2]}