{
  "mean_reward": 40.8779999999999,
  "std_reward": 18.292274762860938,
  "median_reward": 42.59999999999987,
  "success_rate": 0.6388,
  "collision_rate": 0.3612,
  "spectral_efficiency": 0.6388,
  "jain_fairness": 0.9948569269214353,
  "mean_inference_ms": 1.6116340924988435,
  "std_inference_ms": 0.1800966600654322,
  "p99_inference_ms": 2.5039458000537715,
  "episode_rewards": [
    20.39999999999997,
    50.69999999999984,
    22.699999999999932,
    46.699999999999896,
    22.299999999999944,
    59.99999999999987,
    65.39999999999989,
    31.099999999999916,
    31.29999999999987,
    50.999999999999865,
    -2.9999999999999973,
    36.49999999999987,
    41.899999999999906,
    63.19999999999984,
    55.09999999999986,
    23.699999999999875,
    26.19999999999986,
    35.99999999999987,
    42.89999999999989,
    34.49999999999987,
    47.199999999999854,
    58.39999999999986,
    46.09999999999991,
    66.99999999999991,
    21.69999999999999,
    46.49999999999983,
    85.80000000000004,
    30.599999999999913,
    24.699999999999957,
    54.999999999999886,
    53.199999999999896,
    17.099999999999977,
    52.499999999999886,
    20.699999999999996,
    17.19999999999997,
    42.399999999999885,
    14.700000000000024,
    49.99999999999991,
    42.79999999999986,
    49.19999999999991,
    29.499999999999915,
    55.59999999999988,
    72.19999999999995,
    32.099999999999866,
    36.19999999999994,
    5.5000000000000195,
    63.499999999999865,
    58.09999999999987,
    24.899999999999935,
    64.89999999999989
  ]
}