{"step": [1000, 2000, 3000, 4000, 5000], "mean_reward": [48.23999999999985, 39.44999999999989, 36.606666666666555, 36.384999999999884, 29.929999999999914], "critic1_loss": [0.7314133644104004, 0.4374307096004486, 0.5869640111923218, 0.5262838006019592, 0.5758598446846008], "critic2_loss": [0.6342897415161133, 0.5009975433349609, 0.5824379324913025, 0.5261331796646118, 0.8483504056930542], "actor_loss": [-8.057066917419434, -14.535736083984375, -18.78551483154297, -21.708099365234375, -23.34766387939453], "alpha_loss": [-0.17116864025592804, -0.4747999608516693, -0.6940199136734009, -0.8254995942115784, -0.9090304970741272], "alpha": [0.8595033288002014, 0.640802800655365, 0.4835624396800995, 0.3688659071922302, 0.2832762598991394], "entropy": [2.284102201461792, 2.2188704013824463, 2.106849431991577, 1.9792332649230957, 1.8721305131912231], "eval_step": [2500, 5000], "eval_reward": [26.80999999999994, 35.10999999999992]}