{
  "mean_reward": 47.63199999999999,
  "std_reward": 18.32672845872934,
  "median_reward": 45.55,
  "success_rate": 0.6198,
  "collision_rate": 0.3802,
  "spectral_efficiency": 0.6198,
  "jain_fairness": 0.9945529389834711,
  "mean_inference_ms": 4.179663888100959,
  "std_inference_ms": 0.939220117912823,
  "p99_inference_ms": 6.299084359975495,
  "episode_rewards": [
    22.0,
    87.8,
    71.8,
    41.599999999999994,
    31.599999999999998,
    53.599999999999994,
    35.4,
    72.0,
    29.799999999999997,
    57.8,
    67.6,
    1.7999999999999998,
    49.8,
    59.8,
    62.0,
    42.99999999999999,
    45.3,
    49.6,
    63.39999999999999,
    37.6,
    63.8,
    44.0,
    27.799999999999997,
    49.8,
    37.699999999999996,
    33.8,
    59.4,
    42.0,
    67.8,
    31.599999999999994,
    44.0,
    41.39999999999999,
    37.599999999999994,
    7.800000000000001,
    64.0,
    53.6,
    81.6,
    61.599999999999994,
    34.0,
    45.8,
    13.599999999999998,
    60.0,
    27.799999999999997,
    42.0,
    39.8,
    49.599999999999994,
    31.799999999999997,
    77.6,
    77.20000000000002,
    49.8
  ]
}