{
  "mean_reward": 50.61999999999999,
  "std_reward": 17.362350071346913,
  "median_reward": 51.79999999999998,
  "success_rate": 0.6332,
  "collision_rate": 0.3668,
  "spectral_efficiency": 0.6332,
  "jain_fairness": 0.9954793265518421,
  "mean_inference_ms": 4.0417730846016635,
  "std_inference_ms": 0.8436054107383525,
  "p99_inference_ms": 6.072230100267007,
  "episode_rewards": [
    63.09999999999998,
    39.599999999999966,
    41.599999999999994,
    57.19999999999996,
    15.999999999999986,
    33.09999999999997,
    51.59999999999997,
    63.79999999999998,
    72.99999999999999,
    60.59999999999998,
    30.199999999999967,
    79.6,
    39.59999999999997,
    51.999999999999986,
    59.59999999999999,
    65.7,
    12.00000000000001,
    24.799999999999958,
    31.59999999999998,
    80.20000000000005,
    60.59999999999998,
    64.09999999999998,
    48.99999999999996,
    37.0,
    42.69999999999997,
    21.49999999999998,
    59.499999999999986,
    32.19999999999999,
    43.19999999999998,
    62.599999999999994,
    30.899999999999984,
    64.99999999999997,
    29.0,
    46.09999999999995,
    24.79999999999997,
    75.60000000000002,
    62.99999999999997,
    54.89999999999998,
    68.20000000000002,
    70.19999999999999,
    58.29999999999998,
    46.2,
    44.59999999999999,
    64.69999999999996,
    61.09999999999997,
    47.19999999999999,
    56.199999999999974,
    41.09999999999997,
    89.40000000000002,
    47.19999999999997
  ]
}