{
  "mean_reward": 47.4,
  "std_reward": 15.632018423735305,
  "median_reward": 48.0,
  "success_rate": 0.6185,
  "collision_rate": 0.3815,
  "spectral_efficiency": 0.6185,
  "jain_fairness": 0.9960235061622951,
  "mean_inference_ms": 0.8515529373968548,
  "std_inference_ms": 0.7113489818124126,
  "p99_inference_ms": 2.0411874999172768,
  "episode_rewards": [
    58.0,
    52.0,
    40.0,
    74.0,
    60.0,
    54.0,
    42.0,
    76.0,
    20.0,
    42.0,
    26.0,
    52.0,
    48.0,
    58.0,
    20.0,
    48.0,
    58.0,
    50.0,
    72.0,
    14.0,
    18.0,
    62.0,
    66.0,
    50.0,
    48.0,
    30.0,
    52.0,
    62.0,
    62.0,
    46.0,
    68.0,
    40.0,
    74.0,
    38.0,
    44.0,
    48.0,
    60.0,
    68.0,
    38.0,
    40.0,
    46.0,
    34.0,
    32.0,
    40.0,
    32.0,
    42.0,
    60.0,
    58.0,
    22.0,
    26.0
  ]
}