{"step": [1000, 2000, 3000, 4000, 5000], "mean_reward": [43.09999999999986, 33.279999999999895, 27.513333333333254, 29.294999999999913, 28.619999999999926], "critic1_loss": [0.9316871762275696, 0.9629567265510559, 0.9251872897148132, 0.9265391230583191, 0.9058047533035278], "critic2_loss": [0.9375958442687988, 0.9620965123176575, 0.9254029393196106, 0.9265648126602173, 0.905860185623169], "actor_loss": [-8.259109497070312, -15.455896377563477, -20.528121948242188, -24.03011703491211, -26.482463836669922], "alpha_loss": [-0.1719047725200653, -0.5163692235946655, -0.8586000800132751, -1.1952157020568848, -1.5317336320877075], "alpha": [0.8603981137275696, 0.6369298696517944, 0.47207003831863403, 0.3499194085597992, 0.2594797611236572], "entropy": [2.296875238418579, 2.2967536449432373, 2.2955923080444336, 2.2898612022399902, 2.2869386672973633], "eval_step": [2500, 5000], "eval_reward": [43.4, 59.4]}