{
  "mean_reward": 38.5579999999999,
  "std_reward": 15.600937023140595,
  "median_reward": 38.5499999999999,
  "success_rate": 0.6343,
  "collision_rate": 0.3657,
  "spectral_efficiency": 0.6343,
  "jain_fairness": 0.9962510632028428,
  "mean_inference_ms": 1.5485177921995728,
  "std_inference_ms": 0.16459804524535024,
  "p99_inference_ms": 2.3542772998894184,
  "episode_rewards": [
    50.49999999999982,
    38.69999999999994,
    33.699999999999925,
    58.79999999999991,
    12.099999999999984,
    63.99999999999982,
    43.099999999999824,
    33.599999999999916,
    14.700000000000015,
    38.699999999999896,
    33.29999999999998,
    30.89999999999987,
    39.19999999999985,
    43.99999999999985,
    26.999999999999947,
    15.600000000000003,
    37.29999999999993,
    31.09999999999988,
    19.099999999999962,
    38.99999999999992,
    30.19999999999986,
    68.29999999999993,
    20.799999999999933,
    18.699999999999935,
    65.09999999999988,
    40.49999999999987,
    32.899999999999984,
    38.89999999999986,
    28.699999999999864,
    44.199999999999875,
    36.2999999999999,
    66.19999999999987,
    50.699999999999925,
    59.79999999999985,
    54.29999999999987,
    7.900000000000006,
    64.99999999999989,
    51.999999999999844,
    34.199999999999946,
    34.39999999999984,
    40.7999999999999,
    38.3999999999999,
    52.699999999999896,
    54.99999999999986,
    39.09999999999992,
    55.39999999999988,
    36.59999999999993,
    17.69999999999998,
    34.79999999999984,
    3.9000000000000266
  ]
}