{"step": [1000, 2000, 3000, 4000, 5000], "mean_reward": [32.25999999999988, 30.229999999999883, 29.586666666666563, 31.999999999999904, 32.5699999999999], "critic1_loss": [0.7433475852012634, 0.4149908423423767, 0.5999653339385986, 0.43484199047088623, 0.6110134720802307], "critic2_loss": [0.5878636837005615, 0.3142644166946411, 0.38044098019599915, 0.5389706492424011, 0.8291776180267334], "actor_loss": [-7.780783176422119, -13.792206764221191, -17.92843246459961, -20.721031188964844, -22.321359634399414], "alpha_loss": [-0.17331378161907196, -0.47207364439964294, -0.6750351786613464, -0.763610303401947, -0.8675603866577148], "alpha": [0.8585872650146484, 0.6395788192749023, 0.48338839411735535, 0.36995288729667664, 0.2859465777873993], "entropy": [2.290278196334839, 2.2081947326660156, 2.080249547958374, 1.919419288635254, 1.8443965911865234], "eval_step": [2500, 5000], "eval_reward": [39.98999999999988, 34.479999999999905]}