{
  "mean_reward": 36.865999999999914,
  "std_reward": 15.25725545437313,
  "median_reward": 38.84999999999991,
  "success_rate": 0.63,
  "collision_rate": 0.37,
  "spectral_efficiency": 0.63,
  "jain_fairness": 0.9963774937679325,
  "mean_inference_ms": 1.2165115318040078,
  "std_inference_ms": 0.7287532488504971,
  "p99_inference_ms": 6.773055850171659,
  "episode_rewards": [
    49.39999999999987,
    7.800000000000011,
    53.599999999999866,
    55.19999999999993,
    48.1999999999999,
    18.500000000000004,
    39.19999999999988,
    26.299999999999972,
    28.89999999999992,
    20.699999999999953,
    44.89999999999985,
    31.29999999999993,
    40.79999999999985,
    42.59999999999992,
    32.69999999999991,
    42.39999999999986,
    51.29999999999983,
    46.599999999999845,
    60.499999999999815,
    4.800000000000031,
    44.09999999999988,
    8.999999999999936,
    56.29999999999984,
    38.49999999999993,
    54.499999999999915,
    41.79999999999996,
    17.90000000000003,
    5.800000000000041,
    6.600000000000016,
    31.699999999999832,
    47.39999999999985,
    28.49999999999994,
    59.39999999999986,
    25.899999999999977,
    35.899999999999956,
    48.1999999999999,
    66.39999999999999,
    26.499999999999957,
    44.299999999999855,
    33.69999999999993,
    32.399999999999935,
    35.199999999999854,
    51.09999999999986,
    54.19999999999984,
    36.899999999999956,
    43.59999999999987,
    23.09999999999989,
    22.29999999999999,
    26.79999999999993,
    49.59999999999986
  ]
}