{"step": [1000, 2000, 3000, 4000, 5000], "mean_reward": [28.899999999999938, 28.039999999999925, 25.379999999999935, 26.389999999999937, 27.874999999999925], "critic1_loss": [0.6754631996154785, 0.19997170567512512, 0.12140042334794998, 0.12919270992279053, 0.15870529413223267], "critic2_loss": [0.6368042826652527, 0.14242228865623474, 0.19779111444950104, 0.16624227166175842, 0.1432737559080124], "actor_loss": [-8.41450023651123, -14.77319049835205, -19.084455490112305, -22.599102020263672, -25.346561431884766], "alpha_loss": [-0.16920125484466553, -0.396233469247818, -0.4267236888408661, -0.3971017301082611, -0.1627068966627121], "alpha": [0.8597320914268494, 0.64858078956604, 0.5058044791221619, 0.4110749065876007, 0.3546484410762787], "entropy": [2.273041248321533, 2.0670104026794434, 1.7775620222091675, 1.5980852842330933, 1.30826735496521], "eval_step": [2500, 5000], "eval_reward": [37.30999999999993, 35.549999999999876]}